The DARK Series - City Tileset.zip,2024-08-04 10:34,https://drive.google.com/file/d/1aY9yEXQW40O0ziiLGJdBDJmE6SNR1zXt/view?usp=drivesdk
Fantasy RPG monster pack (by Franuka).zip,2024-04-05 12:18,https://drive.google.com/file/d/1YfmfeZrdiwjMBsQcfis2NmGLtAeBwOZm/view?usp=drivesdk
Fantasy RPG heroes pack (by Franuka).zip,2024-04-05 12:18,https://drive.google.com/file/d/1PnXWLrDtRhX21i3DHduBUtuI-cKJBYQX/view?usp=drivesdk
Fantasy RPG icon pack (by Franuka).zip,2024-04-05 12:18,https://drive.google.com/file/d/1OwA3iTrxb16iLl1oeIAWi-ZRx08-2at3/view?usp=drivesdk
Fantasy RPG asset pack.zip,2024-04-05 12:17,https://drive.google.com/file/d/1X28pNHIya-DdpZSSAbN6AF7EpS3Y-CH_/view?usp=drivesdk
Dungeon Tileset (asset pack).zip,2024-04-05 12:17,https://drive.google.com/file/d/1t4a-Vhr3ZOJKqoDnIS62QqNIk61mCFGP/view?usp=drivesdk
Fantasy RPG Interior pack (by Franuka).zip,2024-04-05 12:17,https://drive.google.com/file/d/1Hw5OODGFJQw7FOGxGFKAWIIK56JIm-Qj/view?usp=drivesdk
The Tarnished Widow 188x90.zip,2023-06-07 12:52,https://drive.google.com/file/d/1DUS5ttk0BsQtKVFE7q1_Wq_Qjtaqb8xC/view?usp=drivesdk
DARK - Vic Para & Assets.zip,2023-06-07 12:51,https://drive.google.com/file/d/1RMnfYplrciobh8rDSVIUor0Crtmb7JYl/view?usp=drivesdk
ASSETPACK_TempleRuins.zip,2023-06-07 12:51,https://drive.google.com/file/d/1AV1kGGBixYGs_RJmfoQpuzdbVkyGF3Df/view?usp=drivesdk
DARK - Victorian Add On.zip,2023-04-13 11:23,https://drive.google.com/file/d/15rdK-EhiY6DfF0SNpEJFyd8S4XKvXX_Z/view?usp=drivesdk
DARK - Victorian Enemies.zip,2023-04-13 11:22,https://drive.google.com/file/d/1XNX9oAVwVUfA3F9YIp-bnSe1pUpuIYyS/view?usp=drivesdk
DARK Series - Colossal Boss.zip,2023-04-13 11:22,https://drive.google.com/file/d/1gJhKYhMvGdc3UOtJXluEEOUOidOqEA8J/view?usp=drivesdk
Update1_SmallHouses.zip,2023-03-30 09:51,https://drive.google.com/file/d/1XbdacoCm-qx2MgW2yGoe1ALG394Puhrz/view?usp=drivesdk
FantasyPaperMap_NAv1zip.zip,2023-03-30 09:51,https://drive.google.com/file/d/1hemxNewqXDGOo_KEP8rHIbwDkbmTI_o2/view?usp=drivesdk
Winlu Fantasy Dungeon.rar,2023-03-30 09:51,https://drive.google.com/file/d/1V6ejmA0NcYD2KFLG23cOvPzKETaKWJRf/view?usp=drivesdk
Super GUI Bundle 2- Gold Pack v1.1.zip,2023-03-30 09:51,https://drive.google.com/file/d/1KtsNKgCiriRRn1FXHb_pejDkF7BgMydc/view?usp=drivesdk
exterior_sample_maps.rar,2023-03-30 09:50,https://drive.google.com/file/d/1MhKl7YZVozN_mNGU8zbXBcPTv4JeqRpv/view?usp=drivesdk
Winlu Fantasy Exterior.rar,2023-03-30 09:50,https://drive.google.com/file/d/1bGJebgfFG5TVYlNc2CD2-Cn2lBAnGFzS/view?usp=drivesdk
Fantasy_Tileset_Green_Edition_upgrade.rar,2023-03-30 09:50,https://drive.google.com/file/d/117YvjKpFyE4uE0Dg4Ydc34i3Z8XSAjh5/view?usp=drivesdk
Pixel RPG UI Pack.rar,2023-03-30 09:50,https://drive.google.com/file/d/1-z6Oby4YbBGnCan3P7wazT0eSHuw-eKb/view?usp=drivesdk
DARK Edition Parallax Background.zip,2023-03-28 09:46,https://drive.google.com/file/d/1d8g4jpVvcPCmnRAJT6cvwaTf6CedmZC_/view?usp=drivesdk
DARK - Temple Guardians.zip,2023-03-28 09:46,https://drive.google.com/file/d/11Uxnqk6gNwm7eygAo03MyqhMCDdJyJ1i/view?usp=drivesdk
Explosions Pack 2 files.zip,2023-03-20 16:28,https://drive.google.com/file/d/1v3TBHVKwqqS8o0H8CT9WNBavh1pYtvJE/view?usp=drivesdk
MagicalUI.zip,2023-03-20 16:28,https://drive.google.com/file/d/1MHuCrMZOJKRw7Rr2p04T4aDZc9k-uIub/view?usp=drivesdk
RPGEMS.zip,2023-03-20 16:28,https://drive.google.com/file/d/1H4RGsujKLn1fBx1Tk-x2YMG4X7jV3HBt/view?usp=drivesdk
DARK - Skill Icons.zip,2023-03-16 18:40,https://drive.google.com/file/d/1wzRVg7gxQBnkpSqsQQMxnTgs10OxcMhI/view?usp=drivesdk
Statement Pieces.zip,2023-03-14 01:56,https://drive.google.com/file/d/1Om87T2hHM0h3ZIwOOmkJnAVQS_ESNuGK/view?usp=drivesdk
DARK - Peaks Of Lightning.zip,2023-03-14 01:56,https://drive.google.com/file/d/1X6FQDpxzAFW48_6Yu-31tG4chxlrVjE4/view?usp=drivesdk
01 - Blood & Fire Pack.zip,2023-03-13 14:45,https://drive.google.com/file/d/1UWihJ_RKF-1BxNMQUVA1p1UurfRocZ8y/view?usp=drivesdk
DARK Patreon Bundle.zip,2023-03-13 14:44,https://drive.google.com/file/d/1KAxfG8otYb-OdGAyh4mEOdMYhlcMHszX/view?usp=drivesdk
The DARK Series - Camp & Paralalax Forest.zip,2023-03-13 14:33,https://drive.google.com/file/d/1pt8JvQtqD5VUlHYQoWj-CkpVWxfaTK8U/view?usp=drivesdk
24 - The Heart Hoarder.zip,2023-03-13 14:33,https://drive.google.com/file/d/19mPDVP5mJR7unYZI0KnATAVIs6p6MJgq/view?usp=drivesdk
The SwordMaster v1.2.zip,2023-03-13 14:33,https://drive.google.com/file/d/1WlB0MDUz3wfgcSgm5FjfB1OchrUX50xq/view?usp=drivesdk
25 DARK - NPC's.zip,2023-03-13 14:32,https://drive.google.com/file/d/1UY3nMIJKTCzWYn0vuKvtZ0Yzv6yZc9Jw/view?usp=drivesdk
28 DARK - Traps & Bodies.zip,2023-03-13 14:32,https://drive.google.com/file/d/1G6jZyfUybbgBwy_wws-fQbcUcisl0BiP/view?usp=drivesdk
The DARK Series - Character Pack 5.zip,2023-03-13 14:32,https://drive.google.com/file/d/1GuOQQthycCn2eIlXYXA_c_OlKs0rRUzv/view?usp=drivesdk
DARK- Portal and Shops.zip,2023-03-13 14:32,https://drive.google.com/file/d/1Wz-rAHrrPWE9QS40JEDrQB3Drka1o9Hm/view?usp=drivesdk
Dark Series Char pack 4 v1.1.zip,2023-03-13 14:26,https://drive.google.com/file/d/19hAk89QOnPfviXyeK1HjUukkU9HqaNIm/view?usp=drivesdk
DARK - FX Pack.zip,2023-03-13 14:23,https://drive.google.com/file/d/1J4lKkgTizvvn1id_PDeqxACn0X0Od8m1/view?usp=drivesdk
DARK - Top Down Tileset.zip,2023-03-13 14:21,https://drive.google.com/file/d/16dGv6VVsb1SE-UqGvAiuVp49d7w2tjDQ/view?usp=drivesdk