Simple 2D Background Pack,2024-07-04 10:46,https://drive.google.com/file/d/1gTfV68xuJvQTmNKcddharlILEAEVOb9j/view?usp=drivesdk
EndlessBook,2024-06-27 14:12,https://drive.google.com/file/d/1R73w9B829TgyckhxH5YKA8R_h-iSgXpV/view?usp=drivesdk
Amplify Shader Editor,2024-06-25 09:26,https://drive.google.com/file/d/10dcL5YSvxn254Ltkn8UrScXvj_E1USl0/view?usp=drivesdk
POLYGON - Mech Pack - Low Poly 3D Art by Synty,2024-06-19 09:18,https://drive.google.com/file/d/1MArL1GB0BWsNoyPpN2hK1mVTq9oYA38o/view?usp=drivesdk
Protective Suite 1,2024-06-12 17:09,https://drive.google.com/file/d/1vLYTz3YuB0QDQiOUv91eRsiU2CqPMEbL/view?usp=drivesdk
Shield Animation Set,2024-06-12 17:08,https://drive.google.com/file/d/1REqhTFBF-GBXiTfdR2aTAxO3iCQUMPYY/view?usp=drivesdk
The 16-bit Jukebox - Music Pack,2024-05-08 09:46,https://drive.google.com/file/d/1c51SZADbeGLDGm16X27urc9kcBuLcvNm/view?usp=drivesdk
Interior Room Assets Mega Pack,2024-04-24 09:41,https://drive.google.com/file/d/1cYkXKuWNxYlhEBxiReVZcBLL1HxWxu1a/view?usp=drivesdk
Apocalyptic Drone,2024-04-16 12:22,https://drive.google.com/file/d/1TKLUf6AcWHAFDIISxm8Fny9yQ5IMfhi_/view?usp=drivesdk
Modern Laboratory,2024-04-05 12:43,https://drive.google.com/file/d/113eQMSPKmQKcIakp1i3C-2QlDZAGuYoe/view?usp=drivesdk
MK Toon - Stylized Shader,2024-04-05 12:38,https://drive.google.com/file/d/1Akbh0TfIsqnrd3HYrIP4MUjbZ0JG53zW/view?usp=drivesdk
Simple Low Poly 3D Characters by Djent,2024-04-04 14:14,https://drive.google.com/file/d/1sxGOVIR2fXr4Q4OclswCV7qr8TioCDKm/view?usp=drivesdk
Bomb Snow Poison Evolution Pack Cute Series,2024-04-04 14:12,https://drive.google.com/file/d/1_u59EChwwRnmLjFxuMuv5rO6QaHrCoxw/view?usp=drivesdk
Terrain To Mesh,2024-04-04 14:08,https://drive.google.com/file/d/1S_NfTneVOO5SUoLmKUBTqt0br02meo0m/view?usp=drivesdk
Animated Low Poly Dark Angel URP,2024-03-29 12:07,https://drive.google.com/file/d/1sumU_tSFS21pfUqZaR0XhzFDjIOdusN8/view?usp=drivesdk
PBR Stylized Nature,2024-03-21 22:47,https://drive.google.com/file/d/1DIS_pgEmKQ5qAtKYG64pbnJxskF2dMUu/view?usp=drivesdk
DarkSorceress AnimSet,2024-03-21 22:47,https://drive.google.com/file/d/1isXbdroYJ7xvyMjFprLv5eGGsXS_UD32/view?usp=drivesdk
Sprite Shaders Ultimate,2024-03-21 22:47,https://drive.google.com/file/d/1uzC8hxNnZ2oFAhA3sU0uqdM9vjX-zynb/view?usp=drivesdk
Ultimate Low Poly Nature Pack,2024-03-21 22:47,https://drive.google.com/file/d/1qZl8bfR8z9a5Tu9VsQlLKbrt1VWv2aYt/view?usp=drivesdk
Smart Lighting 2D,2024-03-21 22:47,https://drive.google.com/file/d/1xOmwgFRHKfr3QQ5kQJEDLLDWGU1drfmf/view?usp=drivesdk
Death Knight - Armor Fantasy RPG Dungeon Warrior Monster Medieval Boss Character,2024-03-19 16:30,https://drive.google.com/file/d/1ZCL7qXng4WhLsZYcJX-87W8foqopalII/view?usp=drivesdk
Death Knight - Armor Fantasy RPG Dungeon Warrior Monster Medieval Boss Character,2024-03-19 16:30,https://drive.google.com/file/d/1Uw6rKClO42zR3sx6qb4aLW8-SpeppkdB/view?usp=drivesdk
Medieval Gladiator Warrior Character,2024-03-19 16:26,https://drive.google.com/file/d/17JUqjegRrZD6PxtbU9DQY_dH4_msVca-/view?usp=drivesdk
RPG VFX Bundle,2024-03-14 10:21,https://drive.google.com/file/d/1j_0SXPAdGVnmUHhfjetH1hl_MF1hyhGL/view?usp=drivesdk
Berserker Vampire AnimSet,2024-03-14 10:18,https://drive.google.com/file/d/1rCZwMkKK5xTmWMmSTT2jJv8JB9t2WSG4/view?usp=drivesdk
GUI - The Stone,2024-03-06 14:58,https://drive.google.com/file/d/1QsL2pVp-SRes7kzxaZstDDsd_Nx5QEqV/view?usp=drivesdk
POLYGON Pirates - Low Poly 3D Art by Synty,2024-03-06 14:58,https://drive.google.com/file/d/1nvHNV4Nw_zRSBXw8IugFr4H2g35bRPcR/view?usp=drivesdk
Universal Sound FX,2024-02-15 14:53,https://drive.google.com/file/d/1pvx9ZwjrlK2Iqwp6BxVF1LyumyZ_86A5/view?usp=drivesdk
LOW POLY MICROCHIP CITY,2024-02-05 13:52,https://drive.google.com/file/d/15e3ea40ZfNl1k-JSzgUULUpUwFzcTBbC/view?usp=drivesdk
POLY computer constructor,2024-02-05 13:52,https://drive.google.com/file/d/1w7ps96EVwxV_NJwM41sI4u3JEhmFEveV/view?usp=drivesdk
Cute Astronauts,2023-12-28 17:32,https://drive.google.com/file/d/13f1YLh6lsuBgsUKD-9q8eR8ZK5Vr_37d/view?usp=drivesdk
Droll Robot 02,2023-12-28 17:32,https://drive.google.com/file/d/1D9bUJdJg--Lo_RsSg2Nx6L7_HgdX14wE/view?usp=drivesdk
Text Animator for Unity,2023-12-19 16:26,https://drive.google.com/file/d/1t1e8VMMoiwC7owxSRKAZAXdocgrdDDzJ/view?usp=drivesdk
Japanese Karaoke Pack - 41 Karaoke Booths,2023-12-06 14:06,https://drive.google.com/file/d/1qPWbuJnGRzrS1B2oovVrtHJa6opuV0bY/view?usp=drivesdk
Cute Pet,2023-12-06 13:56,https://drive.google.com/file/d/1P_wFZxnv7W89-1pJFU3uJlAQYjhgBSPn/view?usp=drivesdk
Soda Can HQ Set,2023-12-06 13:56,https://drive.google.com/file/d/1oRnVwbG-NNuEYQU9imKzJo5Jcj6RX9Kx/view?usp=drivesdk
Simple Cartoon Water URP,2023-12-06 13:55,https://drive.google.com/file/d/1jKia3fsbq0He8xeUXVGrxx4AcaHJ9B2X/view?usp=drivesdk
Cute Guys - Lowpoly Cartoon Characters Pack,2023-11-30 10:22,https://drive.google.com/file/d/1Eszws8QbDQRUuIFqbxi0RQUh--HYeWJJ/view?usp=drivesdk
Low Poly Animated Animals,2023-11-30 10:22,https://drive.google.com/file/d/1bch14CrWk2F0rC1njbuL3jcxl4q1jAsD/view?usp=drivesdk
Lowpoly Playground Pack,2023-11-30 10:22,https://drive.google.com/file/d/1QoU6bhWW7O7K5QWUv2GHdKQhJJ7kllTB/view?usp=drivesdk
Animated Arctic Animal Pack,2023-11-30 10:22,https://drive.google.com/file/d/1CWSX5lAkRpfg-PHv2OQ_sHNFn4K9EeQD/view?usp=drivesdk
Monsters Golem 5,2023-11-09 12:28,https://drive.google.com/file/d/1CbHk5XpwGxnK68vfoJhOqVZUNz4ttUJW/view?usp=drivesdk
Stickman Civilian Characters Pack,2023-11-07 09:38,https://drive.google.com/file/d/16NmLzWFKISluzSMU28wkeUZC1qcRw2gU/view?usp=drivesdk
Lowpoly Fantasy Map,2023-11-07 09:37,https://drive.google.com/file/d/1oVDfN9LZ-19uFTe3J-NU73zQwEd8uFaP/view?usp=drivesdk
Low Poly Ultimate Pack,2023-11-02 15:42,https://drive.google.com/file/d/10Ep7NcIF7QkI5NZuIvIXPTtFD9ZsT0rv/view?usp=drivesdk
Fatty Poly Turret Part2,2023-09-26 09:27,https://drive.google.com/file/d/1jr7GCyPJYa0XuJ_dgY-7qQvNuzvDjRx5/view?usp=drivesdk
Fatty Poly Turret Part7,2023-09-26 09:27,https://drive.google.com/file/d/1RZUG0ki3-OpMaDwkQNsTKWBDGArb9TKw/view?usp=drivesdk
Nature Assets - Forest Vines Pack,2023-09-14 09:33,https://drive.google.com/file/d/1j8gV3_UFktUp0CcY7BIXBbQOahjn0XWm/view?usp=drivesdk
Vine Plant With LOD,2023-09-14 09:33,https://drive.google.com/file/d/1ea8CqjRYUaMf1DOtsEnelDBOQUqxlLCV/view?usp=drivesdk
Realistic Grass and Bush Pack3,2023-09-14 09:33,https://drive.google.com/file/d/1x305D3goU4zNj3kTPqos0phEBQk6Km5I/view?usp=drivesdk
Old elevator,2023-09-14 09:31,https://drive.google.com/file/d/10XoIvWQV5jHdUDlfEqEB-57AVlqac_SP/view?usp=drivesdk
Modular Ventilation Pack,2023-09-12 09:30,https://drive.google.com/file/d/1L7CiuaV4V7jjHxfSAGV3PRrI1qsF1pbV/view?usp=drivesdk
Modular Pipes Vent Pack,2023-09-11 09:23,https://drive.google.com/file/d/1BfkLtr1tc81AIqm1D9o3QyBe1GK4TgmU/view?usp=drivesdk
Crystals pack,2023-09-11 09:20,https://drive.google.com/file/d/1ZVlQOjNDCGRTEERqTYGqVRT-L1XZXHwH/view?usp=drivesdk
Magic Circle VFX Pack,2023-09-05 09:28,https://drive.google.com/file/d/1F0ATBTuld-V2gQ5dc4iLWlVzNY4lrtFo/view?usp=drivesdk
Stylized City Ruins Pack - Post Apocalypse,2023-09-05 09:28,https://drive.google.com/file/d/1YSSpNmWZe0hvlc-9i1Uix-u6rKRyF6Kl/view?usp=drivesdk
Ultimate Impact Fx,2023-08-31 10:32,https://drive.google.com/file/d/1H6t5qwMojg6xGp3Z-eAsT39apgVUB2yQ/view?usp=drivesdk
Classic Fantasy RPG - UI Kit,2023-08-29 09:34,https://drive.google.com/file/d/1j-Cz67MbqpENLp2O3GuiTt5z6WT2ojHV/view?usp=drivesdk
Rune and Scroll Icons,2023-08-29 09:34,https://drive.google.com/file/d/1UC2xQw9nB6iSnpYZre36pWf9kBjq2pLC/view?usp=drivesdk
Rune and Scroll Icons,2023-08-29 09:34,https://drive.google.com/file/d/1agN4sTod0k2bqgRVtYRBua03a42dVEyD/view?usp=drivesdk
SPUM Retro GUI Pack,2023-08-29 09:32,https://drive.google.com/file/d/1sVssjs7tFMYOQ5URAatlwQjv315fSclp/view?usp=drivesdk
RPG Monster Wave PBR,2023-08-29 09:32,https://drive.google.com/file/d/1sz2XZGIJcRxeCJbd5hocKfrxID-JS-bM/view?usp=drivesdk
Retro Dungeons Modular Forest,2023-08-29 09:32,https://drive.google.com/file/d/1_OSDDPvqfTXjbW3KUJEmmRbQo-RHBgKI/view?usp=drivesdk
Fantasy Wizard Weapon Staff Set Pack,2023-08-21 12:20,https://drive.google.com/file/d/1wLFXJMed7adneIZVwNylQAodJGBcfRkJ/view?usp=drivesdk
Fantasy Game Map,2023-08-21 12:19,https://drive.google.com/file/d/1VuRbneRqTBiF0mZi9VRzXOPkdq3K6Hgs/view?usp=drivesdk
Book of the Dead - Built-In Renderer Conversion - Fantasy RPG,2023-08-18 14:56,https://drive.google.com/file/d/1FZbMWBLwTTC8xbthrYJgffojjWDhKRN2/view?usp=drivesdk
Drone Controller PRO,2023-08-04 07:17,https://drive.google.com/file/d/1Y1KBs1zLWXyX5Li2b_I7ASMM0tA-dekm/view?usp=drivesdk
uMMORPG 2D Remastered - MMORPG Engine,2023-07-29 11:21,https://drive.google.com/file/d/1roMbiIdw5U_uAz_Jb8sB7wQmKCA-XrJ_/view?usp=drivesdk
Dark - Complete Horror UI,2023-06-27 12:59,https://drive.google.com/file/d/1BnC_bVAUZd6z-KcFtpcRkJl9qZQEZOrE/view?usp=drivesdk
Pixel Fantasy Deep Forest,2023-06-07 13:00,https://drive.google.com/file/d/1cl1TilJX-VqViw0qvDfMTanMa-JvZQC_/view?usp=drivesdk
Platformer Fantasy SET6,2023-06-07 13:00,https://drive.google.com/file/d/1rhxMDNx2ZkXyjYHRo6jSnFWAkHm0gMsD/view?usp=drivesdk
DETAILED - Medieval Dungeons,2023-05-23 09:30,https://drive.google.com/file/d/18wcCWOZo3XI25exaepRyHyDEuPpEKb7e/view?usp=drivesdk
Magic Slashes FX,2023-05-23 09:13,https://drive.google.com/file/d/1dzOtoAHorF5x4fnwPCZNf_ZkmL4mrbLi/view?usp=drivesdk
Realistic Effects Pack 4,2023-05-23 09:13,https://drive.google.com/file/d/1OrZA-VxeSbT2IydFOMQGHHvTqaJdsBsL/view?usp=drivesdk
ISEKAI CREATORS Event Pictures and Sound Pack,2023-05-17 09:48,https://drive.google.com/file/d/1YTSU7JjPpQLvwrUFuwSxaFfzHAfiDlqi/view?usp=drivesdk
Fantasy Map Creator,2023-05-15 12:32,https://drive.google.com/file/d/1qqoMrXwQ7zZJpvSwikLDlCicSY_a6gJB/view?usp=drivesdk
VFX Graph - Hits Impacts - Vol 1,2023-05-15 12:31,https://drive.google.com/file/d/1NlQ5qMOK9kLggYk1uzmDDDhCezFYjjyO/view?usp=drivesdk
Gothic UI,2023-05-15 12:30,https://drive.google.com/file/d/1gv8oFQWKkZSvZhyCXT2VCzk92W5u7bTA/view?usp=drivesdk
Wooden UI,2023-05-15 12:30,https://drive.google.com/file/d/1f1ErIeHXjxed6--ts1n4gXOGR2TaY82X/view?usp=drivesdk
Animal pack deluxe,2023-05-09 09:16,https://drive.google.com/file/d/16s-EccwSJBTwyiLcFooBvACojcT43rEP/view?usp=drivesdk
Animal Pack,2023-05-09 09:16,https://drive.google.com/file/d/1wQOVGhsbfm6_T1dCphy_s0Q8u9Or3KJH/view?usp=drivesdk
Dark Pixel UI,2023-05-09 09:15,https://drive.google.com/file/d/1ZSpancnYb7_4EOSVZsJVTAoghl8I0ifG/view?usp=drivesdk
VFX Graph - Tsunami Wave - Vol 1,2023-05-03 10:43,https://drive.google.com/file/d/1pEkvULwYwyCkAA1-PrHomHZJMMaM4rw8/view?usp=drivesdk
Dynamic Mesh Cutter,2023-04-28 16:40,https://drive.google.com/file/d/1tSVVHpUQCSb3-yOsuhO6yFDijmOBK8Kp/view?usp=drivesdk
VFX Graph - Ground Slash - Vol 1,2023-04-28 16:40,https://drive.google.com/file/d/1JKl0YMGB9KyTeyQIire9MlUcyQX0CbeN/view?usp=drivesdk
2D Water animations Tiles V1,2023-04-28 16:40,https://drive.google.com/file/d/1nfrKFW9NGPFzUmAp6Ph0BY15V6NR3X6m/view?usp=drivesdk
2D TopDown Tilesets Fantasy Dreamland,2023-04-28 16:40,https://drive.google.com/file/d/1HllWPfMZv5Y9ULJVMb66XVyKwO6I7o60/view?usp=drivesdk
Retro Look Pro,2023-04-25 09:26,https://drive.google.com/file/d/13QcAOEgkm_CJ3BdAGsUlols8NJ0pjXdC/view?usp=drivesdk
Chains,2023-04-25 09:26,https://drive.google.com/file/d/1oGf23pLKiqi4y648ao2NyhvGMyD7lWc_/view?usp=drivesdk
Clean Titles,2023-04-25 09:26,https://drive.google.com/file/d/1JSmlRpWes6pVjt_aWwoNu34BC_greVj1/view?usp=drivesdk
Dialogue Anims,2023-04-25 09:26,https://drive.google.com/file/d/1_ELRPnw5SP1geDxKJvxbxIRlqGXGDdzk/view?usp=drivesdk
Easy Performant Outline 2D 3D URP HDRP and Built-in Renderer,2023-04-25 09:25,https://drive.google.com/file/d/1fq8O0rkvHGka1i_Wt2q1HiKTB9pNNtdR/view?usp=drivesdk
100 Special Skills Effects Pack,2023-04-25 09:20,https://drive.google.com/file/d/1UISq6Czf9byjfTtemHiuSw1EfMDcI55B/view?usp=drivesdk
Classic UI icons,2023-04-20 10:54,https://drive.google.com/file/d/1IttxE6tEf7IGzKCc32QhfSEUey0hjGl6/view?usp=drivesdk
100 Flat Skills Icons,2023-04-20 10:54,https://drive.google.com/file/d/1cdRDygJf3FPrjkAYZS5A9IVr40gl7Ctx/view?usp=drivesdk
Fantasy Heroes Character Editor 4D,2023-04-19 10:25,https://drive.google.com/file/d/1c3abjCJKjABd8OYtx0Y7sy6nzp9MJS5q/view?usp=drivesdk
Fantasy Workshop,2023-04-19 10:25,https://drive.google.com/file/d/1WayzyPF5ZQCuNTIeP99A_GnGFHd8K0x2/view?usp=drivesdk
3D Fire and Explosions,2023-04-19 10:25,https://drive.google.com/file/d/1Pd3O0vZxHBiUWF3b-_hy7khJ9fQh5Zy1/view?usp=drivesdk
Loading Screen Studio,2023-04-19 10:23,https://drive.google.com/file/d/1zQcA2FYMbO2Bl2TKXKtIrgDlR9J_voqs/view?usp=drivesdk
Cyber Effects - Circuitry 2,2023-04-13 10:26,https://drive.google.com/file/d/1FKdxUkF4PhiU8iFv3bWk7D2rCWwsV-8u/view?usp=drivesdk
The 2D Animations Vol3 - Portals,2023-04-13 10:15,https://drive.google.com/file/d/1toEtxPR7xvA1LYG79ZsDOoT6bMUcNM9Q/view?usp=drivesdk
Effect Collection Megapack 8,2023-04-13 10:15,https://drive.google.com/file/d/15bVogAaFZ27kW01BH-BSjjfsJzTUVnQH/view?usp=drivesdk
Big Weapons Pack,2023-04-13 10:15,https://drive.google.com/file/d/1khRpoN-23QskmbeXxX1zADMkHO0X8nmR/view?usp=drivesdk
Power Ups VFX,2023-04-13 10:14,https://drive.google.com/file/d/16kmILUWLd4JnjfDoI6GhQnT8gC2aiGhX/view?usp=drivesdk
Screen VFX,2023-04-13 10:01,https://drive.google.com/file/d/1bhXcvQ22dBRCoILm0g8XJs_BNt_WCLMt/view?usp=drivesdk
Rhythm Visualizator Pro PLUS,2023-04-13 10:01,https://drive.google.com/file/d/197DVDxrFUFjDdhBb-woLhmPvDdXTaQr0/view?usp=drivesdk
Blood Splatter HUD Pack,2023-04-13 09:58,https://drive.google.com/file/d/1gBahgLbZMDPfO_fOIzpJRy3prlVjdEND/view?usp=drivesdk
Blood Slashes,2023-04-13 09:58,https://drive.google.com/file/d/13N-LrjrNOp-BD61HBMfOa2RFyd8S2D0p/view?usp=drivesdk
Elemental Orbs VFX Pack,2023-04-13 09:58,https://drive.google.com/file/d/1poBFTiN63PnDvfQsXb95rmT0vV3_NMPs/view?usp=drivesdk
Magic Circles and Shields Vol3,2023-04-13 09:57,https://drive.google.com/file/d/1zi_bb24nHK8l0GDB-ockc92DfxhVgxlE/view?usp=drivesdk
Top Down Effects,2023-04-13 09:54,https://drive.google.com/file/d/168ztrDRZKBXFzmpFbfMiXBfNpWcTOMqq/view?usp=drivesdk
All In 1 Vfx Toolkit,2023-04-13 09:50,https://drive.google.com/file/d/1KhC1oGBNEMYjBwD7dM9C8CZz0gCi4apE/view?usp=drivesdk
All In 1 Vfx Textures,2023-04-13 09:48,https://drive.google.com/file/d/1ntdaCVftvFN6gBtjGJj6reDmR2_FtFmJ/view?usp=drivesdk
UI VFX Effect Collection Vol2,2023-04-13 09:47,https://drive.google.com/file/d/11Kfx5C5lhQqFB6PnDlhWw8Wdw_mUIZJE/view?usp=drivesdk
Boss Pixel Golem,2023-04-11 17:57,https://drive.google.com/file/d/1cz8hn6ZWp5iR8P_VBgRPVHxpN6DQzOFt/view?usp=drivesdk
2D Fantasy sprite bundle,2023-04-06 15:12,https://drive.google.com/file/d/10lK3hGPMUSloSIxTIRWKh0d87QT0fge7/view?usp=drivesdk
2D Bestiary Set 01,2023-04-06 15:12,https://drive.google.com/file/d/1ravQ1wFAln1KgJKqe_Uo65nnd8FM2ndz/view?usp=drivesdk
Stylized Explosion Pack 1,2023-04-06 15:11,https://drive.google.com/file/d/1qm87D4kCO0MXB-DhzTmuLKPYEdGxAcN8/view?usp=drivesdk
2D Pixel Effect PackVer 4,2023-04-04 12:01,https://drive.google.com/file/d/1duueUxrpWsC5ZRDUFgr_0cUSr4iUvjRC/view?usp=drivesdk
URP Shader Pack,2023-03-30 09:39,https://drive.google.com/file/d/1SbgfJ5QJWydAHSXM8XFzgwxXrfyjcN3U/view?usp=drivesdk
shader ice,2023-03-30 09:39,https://drive.google.com/file/d/1V0sYwPP5ajetA-lhg1YF2p0GBqDe0HAP/view?usp=drivesdk
Shift - Complete Sci-Fi UI,2023-03-30 09:38,https://drive.google.com/file/d/1-eYsOInDjYsrv540tlCiVpO-Fz_z1-VA/view?usp=drivesdk
Muzzle Flashes,2023-03-30 09:38,https://drive.google.com/file/d/1EryJgobaHqMd9DYO6JkgqI9XT0w0tnY1/view?usp=drivesdk
Portals package 2,2023-03-28 09:34,https://drive.google.com/file/d/1uR18QpPg7PbyHp4vmeffmEI46_yYcZ4K/view?usp=drivesdk
Fog Of War,2023-03-28 09:34,https://drive.google.com/file/d/1A9pgB4TTwgPTr4Y1bDLzgPvvh4zumeSd/view?usp=drivesdk
Auras Buffs and Shields,2023-03-28 09:34,https://drive.google.com/file/d/1SkwoZhQ3Xf4B11I6VYhly5Rb-8ZP-Rx4/view?usp=drivesdk
POLYGON Western - Low Poly 3D Art by Synty,2023-03-28 09:34,https://drive.google.com/file/d/15K-LhFP21jgKHaJNiX-71yURAzr-VlX8/view?usp=drivesdk
Procedural Lightning - High Performance and Shocking Lightning,2023-03-28 09:33,https://drive.google.com/file/d/1IC8oHlhybymLIeu74GtCfcfnmHvjSTX3/view?usp=drivesdk
Powerful Sword PackGreat Sword Katana,2023-03-22 10:11,https://drive.google.com/file/d/1Gb9UiGOMNYHtmqOYskn3aZE1UTME7WoD/view?usp=drivesdk
Crystal Shader - Anto3105,2023-03-22 10:10,https://drive.google.com/file/d/19CqvtY4GlJ21pwrZ6jiqaTHbqHBRpI40/view?usp=drivesdk
Fast Mobile Blur - URP,2023-03-22 10:10,https://drive.google.com/file/d/1YQxK6e8nornv_sGZ6eN-BFRAnD4pKkz7/view?usp=drivesdk
nGarden Retro Stone UI Gray,2023-03-15 14:44,https://drive.google.com/file/d/1Yc-v0u4O2FG7kGIni5XoQ3thYpzPU1H-/view?usp=drivesdk
Ultimate Outlines Highlights,2023-03-15 14:43,https://drive.google.com/file/d/1FbPgE9X0fgFo9QhpOUcuUIimgS5GsEGt/view?usp=drivesdk
CUBE - Sci Fi Interiors Pack,2023-03-15 14:43,https://drive.google.com/file/d/1WkRPEixvgkD5adaZxL9PKIQJjWCKSnM1/view?usp=drivesdk
Runner Action Animation Pack,2023-03-15 14:42,https://drive.google.com/file/d/1pxnkK4DrECz5agX0d2IJpgbUH9TWBsHT/view?usp=drivesdk
5600 Ultimate Pixel Art Fantasy RPG Icon Pack,2023-03-15 14:41,https://drive.google.com/file/d/1_mHLdTj5yX1SDIDFQAWBH9iGTkYzAQpk/view?usp=drivesdk
GUI Kit - Matt Metal,2023-03-09 09:36,https://drive.google.com/file/d/1itOojjTA1Cj09Xp_DuiUwGYvcTd3rVQu/view?usp=drivesdk
Vertical Background Pack 3,2023-03-09 09:34,https://drive.google.com/file/d/1NV6qGxzbvg2-zH43SIZtDSjDkYiLrXVs/view?usp=drivesdk
Fantasy Spell Icons Mega Bundle,2023-03-09 09:32,https://drive.google.com/file/d/1e7vKVQmHexRRgm9TSAsJ6tSWM5ls71IK/view?usp=drivesdk
Magic Book,2023-03-09 09:32,https://drive.google.com/file/d/1NnJwb9aU2zX5lKPb7P_9LdIqj_VaWWQz/view?usp=drivesdk
Portal Particle Effect,2023-03-09 09:30,https://drive.google.com/file/d/1kO9_57C08SxFqdMcOtRTciUz1eitljph/view?usp=drivesdk
15 - Fantasy Portal,2023-03-09 09:27,https://drive.google.com/file/d/1Ie-_Tq2Xq-05yyDnbctjwIZb9XRNOPm-/view?usp=drivesdk
2D Sword Generator,2023-03-07 22:46,https://drive.google.com/file/d/1QtmHozs5GPtKexK3RQYv7fG-YifofX1V/view?usp=drivesdk
Magic Airflows Effects,2023-03-07 22:46,https://drive.google.com/file/d/1bgPFiUQ0vvimeIzKeicJKSTVrGNbNjY6/view?usp=drivesdk
Old Gramophone,2023-03-07 22:45,https://drive.google.com/file/d/1pa5i9EHQ2kzP-aLjQQrkY3XeRURVV9zs/view?usp=drivesdk
MONSTER PACK VOL 11,2023-03-07 22:39,https://drive.google.com/file/d/1qQ5xvKQ_m0UDfDtEqZSyjq_wHBXrxuKK/view?usp=drivesdk
Sand Effects Pack,2023-03-07 22:35,https://drive.google.com/file/d/1r40VkH-DPwqDGka1M_7ELZe4l7TXeACO/view?usp=drivesdk
BoStaff AnimSet for Unity,2023-03-07 09:31,https://drive.google.com/file/d/1ktTFak5jOQQKn5iZhZ3JWg78fYBn1rMy/view?usp=drivesdk
Mobile Keyboard Raiser,2023-01-25 11:22,https://drive.google.com/file/d/1q-pgFqcWCE2HxwVTPbamtpc7mTZJ3HvM/view?usp=drivesdk
Boss Pixel Devil Man,2023-01-13 09:34,https://drive.google.com/file/d/1s3bSRoO-ZfeNl0y6djyzJOXIKQWjnWTk/view?usp=drivesdk
TopDown Tileset Mega Bundle Rogue Adventure,2023-01-13 09:34,https://drive.google.com/file/d/1HxdUGKmjJuevP5o45EzxUdgQPQCCDZSB/view?usp=drivesdk
KUBIKOS - 3D Cube World,2023-01-13 09:34,https://drive.google.com/file/d/1jGCRTi9s_EMsypT8IiGqSsmA7wuZ0ko-/view?usp=drivesdk
GUI PRO Kit - Simple CasualPSD Sources,2023-01-04 09:51,https://drive.google.com/file/d/1xP6vmeLXPWmOyxfGoNQLzNtIeWF1m_gj/view?usp=drivesdk
Air Ducts Kit,2022-12-07 11:05,https://drive.google.com/file/d/1kZNXqGBuuLSDhC8v9fplO5jeHPD66XDo/view?usp=drivesdk
Ventilation Shaft,2022-12-07 11:04,https://drive.google.com/file/d/1rO1BuqM0h5lKJBYavPKslXtZVAr46ni_/view?usp=drivesdk
Realistic Smoke VFX,2022-12-07 11:04,https://drive.google.com/file/d/1ITyDlWxmWQrHfauQzG-pxkkL7Kj7UcKs/view?usp=drivesdk
FactoryWarehouse Interior Modular Pack,2022-12-07 11:03,https://drive.google.com/file/d/1X2g2kln4ENFTOCz8UUWAA24TEVnz4jWu/view?usp=drivesdk
Sci-Fi Facility,2022-11-24 14:21,https://drive.google.com/file/d/1BuSpTiTFMAgqXvXnsn4rYsHRtHNBtkKL/view?usp=drivesdk
Pizza Shop Kit,2022-11-24 14:15,https://drive.google.com/file/d/1BmduEhDtJuBX0GoFfr6uGSH2N-VaF3U5/view?usp=drivesdk
Mobile Traffic System,2022-11-24 14:14,https://drive.google.com/file/d/1gjb5m_nTQI9fMKCUcnPV_Hu2clijkcO2/view?usp=drivesdk
MONSTER DIMAXILLOSAURUS,2022-11-24 14:14,https://drive.google.com/file/d/1fQMST5ZDDDSM9CW3CCnpWYnFEWPEnHsu/view?usp=drivesdk
POLYGON War - Low Poly 3D Art by Synty,2022-11-09 17:01,https://drive.google.com/file/d/1zHaxdjODbBQ8SjQqx6VG3Jb8HgkzXYjq/view?usp=drivesdk
Ultimate VFX,2022-11-03 16:01,https://drive.google.com/file/d/18zO86FEaRB4DQPnBS2_mcL5GZT4TYiP1/view?usp=drivesdk
2D Top Down Forest World Tileset,2022-07-14 12:52,https://drive.google.com/file/d/1TP71vgoumoIflJI4YclFpH5_OOdo5vV-/view?usp=drivesdk
Pixel Units - SPUM Bundle Pack Basic,2022-07-14 11:45,https://drive.google.com/file/d/1H0IZ2bbKhassnnZN8krQIWcPmG6cHV4N/view?usp=drivesdk
2D Pixel Guns Animations,2022-07-14 11:44,https://drive.google.com/file/d/1ePNsvqzEabFtbbl4P6hriUnUiJAXBZLy/view?usp=drivesdk
2d Cartoon Fire Effects Sprite Sheet Loop Animations,2022-07-14 11:17,https://drive.google.com/file/d/1EHPQiTyyuJlMSpwsIFd0jUYXQeWZXTzg/view?usp=drivesdk
Platformer Pack,2022-07-14 10:24,https://drive.google.com/file/d/1YzDvWQRepZcxLNceubEJB4gC8oVsQoDF/view?usp=drivesdk
2D Pixel Healer Hero,2022-07-14 10:19,https://drive.google.com/file/d/1tzw2oRGWvzjGCQ_AjszvDlSf7y0B-RoG/view?usp=drivesdk
2D Pixel Hero Mage 1,2022-07-14 10:18,https://drive.google.com/file/d/1uL61VAoftddYsd7AFaoYEZCmegbutVb8/view?usp=drivesdk
2D Pixel Big Sword Hero 3,2022-07-14 10:18,https://drive.google.com/file/d/1TnaK5Cz0cGxePLSq9xd0HDSr-JUAkORl/view?usp=drivesdk
2D Pixel Archer Hero,2022-07-14 10:17,https://drive.google.com/file/d/1ajeL2CNMg9sHfBabD8G3uFPTvUmkJz4b/view?usp=drivesdk
Battle Priest - Pixel Art,2022-07-14 10:13,https://drive.google.com/file/d/16vHl946wZDGRn9n7K7XjmwrToAm3T8CS/view?usp=drivesdk
Dark Knight Pixel Art Pack 2,2022-07-14 10:12,https://drive.google.com/file/d/1iW-m3MbhrQGQQ6s3t8waUD026AT3ML4-/view?usp=drivesdk
Dark Platformer Set2,2022-07-14 10:11,https://drive.google.com/file/d/14k1khoOyfZ5VVdTHhwcGl4gHVxvOAu2a/view?usp=drivesdk
2D Character - Fighter - 8 Axis Movement,2022-07-13 14:14,https://drive.google.com/file/d/1BCmrbJ4VSyhaOrcpGktqlpVKQ9dVRTVN/view?usp=drivesdk
SIMPLE MAFIA CHARACTERS,2022-07-13 13:52,https://drive.google.com/file/d/1_2Dejni1tWpsuuBrolJumnJ15DZOgVBG/view?usp=drivesdk
25 Pixel Sprite effects,2022-07-12 16:17,https://drive.google.com/file/d/1W9-bcdwS65Li2QJf3YgBVZb_O5lEuZWy/view?usp=drivesdk
Dungeon Knight ArtAnimation Pack,2022-07-12 16:17,https://drive.google.com/file/d/10zG1NLlD6Qb2O1-tR2NMw22YPDUfrv8_/view?usp=drivesdk
2D Top Down Master Tile,2022-07-12 16:15,https://drive.google.com/file/d/13v5Dd3pxdHZU7-CbuMh8gYQaKwvXNfxT/view?usp=drivesdk
POLYGON City - Low Poly 3D Art by Synty,2022-07-12 16:04,https://drive.google.com/file/d/1iWVHP0FS_3tiqeo5DicJYQcLpZQdxOw6/view?usp=drivesdk
Earth World Map,2022-07-12 16:02,https://drive.google.com/file/d/1CGfi_SH-qfawmQpWqIH8I1DYAsuwQ5Oy/view?usp=drivesdk
Village Music RPG,2022-07-12 15:59,https://drive.google.com/file/d/1BUgmkdhh9evRPS8q4_eUjHwjSOfVdvMI/view?usp=drivesdk
2D Pixel - RPG Monster Pack,2022-07-12 15:57,https://drive.google.com/file/d/1CXQbct2yOQ-gmmDaAUNW2ygI9-TzEUn9/view?usp=drivesdk
Platformer Graphic Pack CAVE,2022-07-12 15:56,https://drive.google.com/file/d/1cODx616XSpOkr-7QeWTtPfz1VSWxl8P5/view?usp=drivesdk
2D Modular House - Interior and Exterior,2022-07-12 15:56,https://drive.google.com/file/d/1tALvjU5P_RgBm0lZe9TcjLVI56PujYMJ/view?usp=drivesdk
Pixel Forest Asset Pack,2022-07-12 15:54,https://drive.google.com/file/d/1UtjsFHZu1yefV26as2EmAbMpgmw8RNq7/view?usp=drivesdk
MedievalPixelArttileset1,2022-07-12 15:54,https://drive.google.com/file/d/1PfBFaq456xce8MM46wJna_HiqyCWebp8/view?usp=drivesdk
2D Pixel Key pack,2022-07-12 14:25,https://drive.google.com/file/d/17nI5kk_gYp0_jgtswWB0573R8axe3sRa/view?usp=drivesdk
Painted UI,2022-07-12 14:24,https://drive.google.com/file/d/17zOMI9uzsst6BhdNJeVz6SdoqGWwcnuo/view?usp=drivesdk
The Japan Collection JRPG Characters Pack,2022-07-12 14:23,https://drive.google.com/file/d/1kdhqYyJ3sJlnOGw2mSRXkGwvuVeaplWW/view?usp=drivesdk
The Japan Collection Interior Essentials Game Assets,2022-07-12 14:22,https://drive.google.com/file/d/19XHG2Rj4-WqGbHA3G9Zf_eeQmBMRdXUC/view?usp=drivesdk
The Japan Collection Japanese School Interior Game Assets,2022-07-12 14:21,https://drive.google.com/file/d/1eiRLDzfQfO_9eBdX3bGuDXZGciy2QU6Q/view?usp=drivesdk
Top Down Pixel Dungeon Level 01,2022-07-08 15:05,https://drive.google.com/file/d/1R15ATwjykBXjU-nXD5mjoRY7g3_Siyeb/view?usp=drivesdk
Confetti Particles,2022-07-08 14:53,https://drive.google.com/file/d/1PNVnQIDmTbLSZiabHo1eJWR7jDmKIyrU/view?usp=drivesdk
The Japan Collection Office Interior Game Assets,2022-07-08 14:50,https://drive.google.com/file/d/1Rpq44KgHLrxhf2HzDOn4_mOeHE8i0IZC/view?usp=drivesdk
Toy Soldiers - characters and weapons,2022-07-08 14:50,https://drive.google.com/file/d/1N1ZHQKJBY4hBNjQRTDOAmKQNWBgi-4uu/view?usp=drivesdk
Pixel Art Characters - People pack,2022-07-08 14:47,https://drive.google.com/file/d/1wBN09qga3McsJvTh7KHr_ZlusHDhy1PR/view?usp=drivesdk
RPG Pixel Skill Icons,2022-06-30 13:34,https://drive.google.com/file/d/1QO_JEqUCvlRzJ6yWLZ15wBAaoKtRfjRb/view?usp=drivesdk
Pixel Art Card Game UI,2022-06-30 13:33,https://drive.google.com/file/d/1jOJEY8MkFXbk0ErWV2yuTJRQ-VBWIrLg/view?usp=drivesdk
2D Retro Pixel UI Pack,2022-06-30 13:33,https://drive.google.com/file/d/164PP2bF-GANvAoyrVyawR_5qsIk4sDmP/view?usp=drivesdk
Office Backgrounds,2022-06-30 13:31,https://drive.google.com/file/d/1UW-z62HI-JmbMMaMKud2hXtgxy0KQKNL/view?usp=drivesdk
Pixel Art City Backgrounds,2022-06-30 12:59,https://drive.google.com/file/d/1eIGlm6ZRCPf3KJn6xH43yv5-UNke5S14/view?usp=drivesdk
2D Pixel Art Medieval Backgrounds Pack,2022-06-09 19:33,https://drive.google.com/file/d/17COXWCG58x2rCJ52MhF9Yv_Ti9ClLiuk/view?usp=drivesdk
Cozy Casual II - Game Music Pack - Relaxing Jazz Casual Friendly,2022-06-09 14:15,https://drive.google.com/file/d/1XcgM7vVeSG3fMaOpkSGRR75D_IRRpOC3/view?usp=drivesdk
Cozy Casual - Game Music Pack - Relaxing Jazz Casual Friendly Acoustic,2022-06-09 14:13,https://drive.google.com/file/d/14YMI0XpSSA71WXc84upsI4NXkX3wh8tQ/view?usp=drivesdk
Modern UI SFX - sound pack,2022-06-09 14:10,https://drive.google.com/file/d/1aBruedNhU2nzEswv2e4cJ8HNd9MYDhGy/view?usp=drivesdk
Adventure Puzzle Kit,2022-06-09 14:08,https://drive.google.com/file/d/1s43gXd7xIlWAFYCUNagSIXkmua4SdcBF/view?usp=drivesdk
Pixel Effects,2022-06-09 14:05,https://drive.google.com/file/d/1eqeEw3kTu6t0RSi5R7sGZsUD4KlUx6kL/view?usp=drivesdk
Pixel Mobs,2022-06-09 14:04,https://drive.google.com/file/d/1bTkH_x23QYYVNrjamaqt8SGirbzaO0ZF/view?usp=drivesdk
HexTile Nature Pack - URPStandard,2022-06-07 09:47,https://drive.google.com/file/d/1448B5fRCIEVivpy_-nMVt6RcDYbvLLqw/view?usp=drivesdk
Fantasy Game Cards,2022-06-07 09:40,https://drive.google.com/file/d/1Uj0hL-kCb9_laKHDJ7YA9IvrWiXzDikp/view?usp=drivesdk
Pixel Icons - Keyboard Pack,2022-05-31 14:29,https://drive.google.com/file/d/1qH820HGHrQYPP6uhYe7zE60l_GzSjnrI/view?usp=drivesdk
Cartoon VFX Deluxe,2022-05-19 14:14,https://drive.google.com/file/d/1WpnNh-6WNQFv-K6df4rHCFRltk6-VuH0/view?usp=drivesdk
Teddy Bear,2022-05-16 19:10,https://drive.google.com/file/d/1JuDLo5a-MtIYHWLCBqr6Ktep3AbTk1kp/view?usp=drivesdk
nGarden Retro Wood UI Light,2022-05-16 19:08,https://drive.google.com/file/d/1tOlaj_VypC5s7HBn60UUTBbxHQvr0Btk/view?usp=drivesdk
2D Hand Painted - Grassland Tileset,2022-05-16 19:05,https://drive.google.com/file/d/1jbzIopib_vaxZcUdv_BJqGbkRw5O5ya7/view?usp=drivesdk
Cartoon UI,2022-05-16 19:05,https://drive.google.com/file/d/1oXrXBaXnQd6dxzWsBZ-eAQrF4Smx_aIY/view?usp=drivesdk
Fantasy Monsters Animated Megapack,2022-05-16 19:05,https://drive.google.com/file/d/1SUhg371fTuMjQ0tgx-qXm81g_5G_IrtY/view?usp=drivesdk
GreatSwordAnimset,2022-05-16 19:02,https://drive.google.com/file/d/1gnTnR4Ip2llWSb-XIjQcBQH25GiwLftX/view?usp=drivesdk
Realistic House InteriorExterior,2022-05-16 19:01,https://drive.google.com/file/d/1ltKp0KWY-F3BOgsp0gNZOT9QOZUWhsjR/view?usp=drivesdk
Male Soldier,2022-05-09 09:42,https://drive.google.com/file/d/1hlmtgp6XPSjDjQ31gQRGgxMkQQKdRlTn/view?usp=drivesdk
Industrial Props Pack - PBR,2022-05-09 09:33,https://drive.google.com/file/d/1HsZczjwrObnua-TjZhqCdD-E02x_gH9-/view?usp=drivesdk
Clean Minimalist GUI Pack,2022-05-09 09:26,https://drive.google.com/file/d/1PYr36dR52PdqxwDlm-RNbvsW-FHjFcl2/view?usp=drivesdk
Magic Aura Set,2022-04-26 14:45,https://drive.google.com/file/d/1YwYy4eYdILbseCr21cnDZ-bA78_OVJra/view?usp=drivesdk
Low Poly House Interior Exterior,2022-04-21 14:53,https://drive.google.com/file/d/1jsKLhFWPvcqeTBkamrYdMY1IsMRbv791/view?usp=drivesdk
Civil Male Character,2022-04-19 14:09,https://drive.google.com/file/d/1SfPQy1jSwtzYnXqxSRMlXT_iFriZKAM5/view?usp=drivesdk
2DPixel artVillageInteriors,2022-04-19 14:07,https://drive.google.com/file/d/1BTFmk_sEJJzxB9YzPCe1bw-gMGPt4Ra4/view?usp=drivesdk
SUNTAIL - Stylized Fantasy Village,2022-04-19 12:13,https://drive.google.com/file/d/1AmfOh5B5SS6s0yP2BS48ePr_lrhaveda/view?usp=drivesdk
Animated 2D Monsters Fantazia,2022-04-17 17:55,https://drive.google.com/file/d/1tuDDcaMkipI52XieRaGXoVK673Quv2XG/view?usp=drivesdk
Terrain To Mesh 2021,2022-04-13 14:51,https://drive.google.com/file/d/1p7F4smV8ZYhDI-P8L9uL-CcpzFQimAps/view?usp=drivesdk
Character Editor Fantazia,2022-04-13 14:49,https://drive.google.com/file/d/16SqS9pYXVxO2ki4k-e0eIXo7s1OQWicu/view?usp=drivesdk
3120 RPG Icons Pixel Art,2022-04-13 14:44,https://drive.google.com/file/d/1p-08MkW1k902_SZzl2snsXOlwDqh5v74/view?usp=drivesdk
GUI Emerald Treasure THE EMERALD INTERFACE,2022-04-13 14:44,https://drive.google.com/file/d/1PdAgjojJjfNgPUAxsIA-wZ0rPVJSyR3y/view?usp=drivesdk
Horror Shadow Character Pack,2022-04-13 14:40,https://drive.google.com/file/d/1Yl1EudohC401PjA1nrSFWr8emq68X5l0/view?usp=drivesdk
2D Black White Environments,2022-04-13 14:39,https://drive.google.com/file/d/1KrVxpb6cbkdjDbGqB1apIoA_1ALZFTXn/view?usp=drivesdk
Action Adventure Motion Pack - Haon SD series 30,2022-04-13 14:39,https://drive.google.com/file/d/1AIX24-IUS3CDoNrHQHrXvGPYI-hJnYYf/view?usp=drivesdk
Kid Room,2022-04-13 14:35,https://drive.google.com/file/d/113RXeLqUqZvvsI4YdsqoIzI7hECzK5T4/view?usp=drivesdk
Vintage SciFi character pack VOL1 FemaleAndroid,2022-04-07 15:40,https://drive.google.com/file/d/1zz-T1ujA-y9cPRWIUPr3kjD5vBxJdrqA/view?usp=drivesdk
Epic Toon FX,2022-04-07 12:38,https://drive.google.com/file/d/1HFnt-TqXlm5BeCgSRd2_5KIpZMvIacrO/view?usp=drivesdk
Rainbow Folders 2,2022-04-07 12:37,https://drive.google.com/file/d/1NQqUJSqy4SaYU-8XBlloY1jBC0Ko2Y3V/view?usp=drivesdk
2D Dungeon Backgrounds for Mobile Games,2022-04-07 12:35,https://drive.google.com/file/d/1zWrOFBBSQ_7ROk1jIieXyi0sJitMTsxs/view?usp=drivesdk
Flat Dark Themed GUI UI Kit - over 600 PNG,2022-04-05 14:48,https://drive.google.com/file/d/1D1tLnyXTOocOMWZLEMs2eCDl3EZO2NS2/view?usp=drivesdk
Action RPG GUI,2022-04-05 13:32,https://drive.google.com/file/d/1UDuMXtuuP6NyeRXa6xjkAHGAOzSyCF2G/view?usp=drivesdk
NY Subway Station,2022-03-31 20:12,https://drive.google.com/file/d/1wKT_e2lz5S5Cfqi1XzMbP_KSzXnXuQKI/view?usp=drivesdk
Pixel Art GUI UI Kit 2 - 200 icons over 650 PNG,2022-03-31 19:08,https://drive.google.com/file/d/1S94zDAEFipFofEsCvvst-lD7RYMLVSUL/view?usp=drivesdk
Pixel Art GUI UI Kit - over 400 PNG 151 icons,2022-03-31 19:07,https://drive.google.com/file/d/1LaT_p3LQFbd4s0uSTjftRKojQ7OdrXUB/view?usp=drivesdk
3D Turn Based Grid Pathfinding - IND,2022-03-31 19:05,https://drive.google.com/file/d/11EpkD5wGVlAoHc-m3hUgJjLClMmGHOZv/view?usp=drivesdk
HQ FPS Weapons,2022-03-31 19:03,https://drive.google.com/file/d/1DrrHdGxAd-LfoBjGSirplpt3pdtR6CIK/view?usp=drivesdk
DOTween Pro,2022-03-31 18:50,https://drive.google.com/file/d/1lTjSLUboqsJBLAlp-btNTCx_Ubgpu9pn/view?usp=drivesdk
Storm Effects,2022-03-31 18:48,https://drive.google.com/file/d/10NA26mVs6tcpaI1VpTNhjZeqilwc3hZ0/view?usp=drivesdk
Ghost Warrior 3,2022-03-31 18:46,https://drive.google.com/file/d/1AYOhm34KRhaukwB1vbdQMKiM1Qbyw9Ar/view?usp=drivesdk
Fantasy Zombie,2022-03-31 18:45,https://drive.google.com/file/d/1sb8xXrk4VSBsVQnLrLkSPGJi2oln6mmP/view?usp=drivesdk
Fantasy Creatures - Pixel Art Pack,2022-03-31 18:45,https://drive.google.com/file/d/1iU4YPpGWu4abona_NdnS8vrdWrIfMJip/view?usp=drivesdk
Angel of Death Pixel Art Character,2022-03-31 18:44,https://drive.google.com/file/d/1Wt_wCYFOusS3qvkJX3LVllAAyIxkBYMM/view?usp=drivesdk
Pixel Weather FX,2022-03-29 15:59,https://drive.google.com/file/d/1iioEK5kwiozFh2vhbNBPDvWnvXcSHROl/view?usp=drivesdk
Knights Pack,2022-03-29 15:58,https://drive.google.com/file/d/1kv4wYSF_Ri42EFIxuorPAyXHzMf18jz8/view?usp=drivesdk
Warped Explosion Pack 3,2022-03-29 15:52,https://drive.google.com/file/d/1eoLhTwIluH4XgSbz3I9uMZrLz1ltM2hv/view?usp=drivesdk
Gothicvania Magic Pack N1,2022-03-29 15:52,https://drive.google.com/file/d/1mlkD1g-aztsdcVRsg1FEyacj-wZEfrjV/view?usp=drivesdk
GothicVania Magic Pack 4,2022-03-29 15:52,https://drive.google.com/file/d/1I7uA9cq7DsYYzd5VmSRPehyltw1v1hHY/view?usp=drivesdk
Warped Explosion Pack 4,2022-03-29 15:52,https://drive.google.com/file/d/1FTVP1XmGu237YogV2AmehstbXUpTw7Ez/view?usp=drivesdk
GothicVania Magic Pack 7,2022-03-29 15:51,https://drive.google.com/file/d/1ViVuiZLkeRC_lW1MYSsVPl0qzEdtrZL9/view?usp=drivesdk
SmokeFX Pack,2022-03-29 15:51,https://drive.google.com/file/d/1wxQ43EKcFqmlwGc3Cr67kUkEYsZ9xGlx/view?usp=drivesdk
Water Splash Packed,2022-03-29 15:51,https://drive.google.com/file/d/1B0JDGRFlPCvGLK8YiR4fEGcaIS-C_ZlR/view?usp=drivesdk
Earth FX - Pixel Art,2022-03-29 15:49,https://drive.google.com/file/d/1JiwYbag5i5GfUXVTX-D2QsgastenhNOT/view?usp=drivesdk
Lightning Pixel Art Effect,2022-03-29 15:48,https://drive.google.com/file/d/1mfbI_gVDOWU6V__9mK0bDo8STOLFIMWw/view?usp=drivesdk
Falling Paper VFX,2022-03-29 14:44,https://drive.google.com/file/d/10wK9TU5tQWF588T_nBK3DEoL09FbKg1B/view?usp=drivesdk
Control Center Set,2022-03-29 09:44,https://drive.google.com/file/d/1iOVu86WcFE_WJ5qzEQKugzUkZZGezCyS/view?usp=drivesdk
Village Pixel Art Environment,2022-03-21 16:43,https://drive.google.com/file/d/1l1Qlm0gFjYIw_GyuUD1HlzMVGwoozulr/view?usp=drivesdk
2D Pixel Unit Maker - SPUM,2022-03-21 16:43,https://drive.google.com/file/d/13jH7zTr9QAmN7yoNmYw4BnH57h23j2kU/view?usp=drivesdk
2D Pixel - RPG Icon Pack,2022-03-21 16:43,https://drive.google.com/file/d/1Sv-epmA1tZOeClAxdiBdpR6YoLrXCDFC/view?usp=drivesdk
Skeleton Warriors Pixel Art Monster Asset,2022-03-17 15:58,https://drive.google.com/file/d/1M1Z3z8ZhY3AY03o7oes9s4jHLFALvpHA/view?usp=drivesdk
Skeleton King Pixel Art Monster Asset,2022-03-17 15:58,https://drive.google.com/file/d/1prBzZwFAdxVI4fQYXaJuM3WZunkwgoAn/view?usp=drivesdk
Magic Spells Sounds - Bundle Collection -,2022-03-17 15:56,https://drive.google.com/file/d/1IZa5Xq3sMbZBM57TdvqGlZo7HAo2jezg/view?usp=drivesdk
Top Down Pixel Dungeon Level 03,2022-03-17 15:54,https://drive.google.com/file/d/1x1KcGK3rSGRbOXed-shap5SrjCuG10lS/view?usp=drivesdk
Sci-Fi Turret Constructor,2022-03-16 09:01,https://drive.google.com/file/d/1ylo-DvOQTJnU1ET2c7JbuJ8j1uFHn2bD/view?usp=drivesdk
AAA Projectiles Vol2,2022-03-16 08:59,https://drive.google.com/file/d/11-O4Bj9yXFDfHVRSH9Zk-VdHq-uth5kH/view?usp=drivesdk
Forest Sprite Pack,2022-03-11 15:25,https://drive.google.com/file/d/1hVWZAf0QPmRAj5LB6NQ3GJr4TZDKcMyX/view?usp=drivesdk
2D Castle Pack - tiles and props Level Design Tools,2022-03-11 15:24,https://drive.google.com/file/d/16dFwv0BIt54J_8Z9HFaxmZIpjMhWB_XT/view?usp=drivesdk
Black and White - Dark Forest,2022-03-11 15:23,https://drive.google.com/file/d/1H2jRwqQniph5N36rC5rF17N-3ra-TIIy/view?usp=drivesdk
Enemy Golem,2022-03-11 14:23,https://drive.google.com/file/d/1C3BK9txnXCmkNtvCUnKjpSHX6siXb1A4/view?usp=drivesdk
3D Showroom Level Kit Vol 4,2022-03-08 17:16,https://drive.google.com/file/d/1SFw5k81ojyq_rQ9Nq-hSscTHjZGlfd95/view?usp=drivesdk
Low Poly Water for URP 100 GPU,2022-03-08 12:57,https://drive.google.com/file/d/1po1_m3ZC_iXkDKI1IqCPT6m6kddMu3GS/view?usp=drivesdk
AAA Island Environments,2022-03-08 09:41,https://drive.google.com/file/d/1020ruTGkNHX46lWL4b0dulH0WdvtCIPy/view?usp=drivesdk
Pure Nature,2022-02-18 09:53,https://drive.google.com/file/d/16uWl_xaWcyM4lJrIj-sNNcjhKoiJKdCF/view?usp=drivesdk
Low Poly Asset Bundle,2022-02-17 09:41,https://drive.google.com/file/d/1GfCAHVkoPCFsm5WpvnPNk3SMy_8qNgwn/view?usp=drivesdk
Low Poly Cartoon House Interiors,2022-02-17 09:37,https://drive.google.com/file/d/1yr8uz3gRTB1_PVWswYXSHyWbEjUGRifG/view?usp=drivesdk
ROYALTY FREE BGM PACK for Japan horror Matsurigami slave to convention,2022-01-24 17:57,https://drive.google.com/file/d/1gnEmp_AKJ9AEq5iXLbjl-9ov9Hjf-ZhV/view?usp=drivesdk
Steampunk City,2022-01-22 00:07,https://drive.google.com/file/d/1Rll7QS8EpVrWlDfue3aK1gtBLL1KnZ58/view?usp=drivesdk
Vintage train 1,2022-01-21 23:56,https://drive.google.com/file/d/1dFey4Ed_OYbDBXpstQB_JHj8E3edVmyL/view?usp=drivesdk
Train Interior Pack,2022-01-21 23:51,https://drive.google.com/file/d/1QgBeSrkASWtsN_x_LJFwBoUvTPhPet-K/view?usp=drivesdk
Stylized anime trees,2022-01-21 23:50,https://drive.google.com/file/d/1lZLeGnAnFMqM9Zt9Gsj3gYqVxf-AKdkI/view?usp=drivesdk
Cyberpunk Thug 2,2022-01-21 23:50,https://drive.google.com/file/d/1tXZRrVeqjtTgBNeVxt_-1vQg-c3WN4Lm/view?usp=drivesdk
Sci-Fi Robot Characters pack,2022-01-21 23:50,https://drive.google.com/file/d/1shPqoHpqrIYZllGaqbpGfbkrpyfa6d8r/view?usp=drivesdk
Sci-fi Weapon Pack 5 in 1,2022-01-21 23:50,https://drive.google.com/file/d/1Ir-9rdCaYQwd8cNrP1TtOaHHPALVcKWm/view?usp=drivesdk
Mining pack,2022-01-21 23:49,https://drive.google.com/file/d/1EuIJ2Iomif0byvNw6b-f6murRR9QwVh0/view?usp=drivesdk
Dragon Mobile UI,2022-01-21 23:48,https://drive.google.com/file/d/10uuLZ4dUd9o9xqteF9q9EDJ6Kj6kl01l/view?usp=drivesdk
Captains UI,2021-12-07 19:30,https://drive.google.com/file/d/1OOHqMbLB6OWXbJiG2aCn6D23kEbw-m3Y/view?usp=drivesdk
UI Icons,2021-12-07 19:29,https://drive.google.com/file/d/1iknUp8nXC6a2S2B0mhDveCHezPGHEmS8/view?usp=drivesdk
2D Retro Heroes - SPUM Premium Addon Pack,2021-11-23 14:31,https://drive.google.com/file/d/1aQ4DDA_lgKik0gPl8xsk6cOTB8Av_qUi/view?usp=drivesdk
2D Pixel Hero Ninja,2021-10-14 14:08,https://drive.google.com/file/d/181J29haTUyqXsDu6cSuESU3U4iDqI93e/view?usp=drivesdk
Third Person Shooter Bundle,2021-10-14 14:07,https://drive.google.com/file/d/1VJ7FI9lkj80uR3RYP-oywBEiAF1wanCe/view?usp=drivesdk
Mercenary Low Poly Assassin,2021-10-14 13:54,https://drive.google.com/file/d/1pNcoeQQyNsHw9hT46fH64_Yq3TuB6ima/view?usp=drivesdk
Traps and Obstacles Pack,2021-10-07 18:08,https://drive.google.com/file/d/1hAyCFboJmZXQS3eJ3M-M7U3ffvY4YkN9/view?usp=drivesdk
GUI PRO Kit - Casual Game,2021-09-03 09:21,https://drive.google.com/file/d/1G0ub8kZDS4efOdLqZabPGHFtYZ2JedfL/view?usp=drivesdk
2D Top Down Shooter Game Assets Starter Kit,2021-05-31 14:44,https://drive.google.com/file/d/1Zd5HQllCJxDFMUgOg3awZaGAixHZ0Hz5/view?usp=drivesdk
DETAILED - Medieval Castle,2021-05-25 15:04,https://drive.google.com/file/d/1gpq4aKn7XvIene-z8caposccXe5E2m4B/view?usp=drivesdk
118 sprite effects bundle,2021-05-25 14:16,https://drive.google.com/file/d/1S_HoCzK_ChbOvr7r8CoFSSyjchHg8wnz/view?usp=drivesdk
Clean Flat Icons,2021-05-25 14:15,https://drive.google.com/file/d/1fNHAfmIHgZtnOfFLwn3bclXo9BF1Ql6h/view?usp=drivesdk
Magic Skill Icons Vol 2,2021-05-25 14:15,https://drive.google.com/file/d/1eudZw2NfbP5zO9sIvbcseERlzyp3dkG5/view?usp=drivesdk
URP Sword Slashes,2021-05-25 14:15,https://drive.google.com/file/d/13GzcssTmW6H77P01LM_1HJQy0WIqL8h8/view?usp=drivesdk
Sword slashes PRO,2021-05-25 14:15,https://drive.google.com/file/d/1oLwWVeJGoVS2-RrdFcdZfE5mnGK0xll9/view?usp=drivesdk